# rank	name	score  (Double-time Dilemma, Discord 3312 vs LIBERTY 1210; 96 players, ranks 90-91 appear twice in the 4th screenshot)
1	DC|JTMoneyYT	55126
2	1y3c	54896
3	Dejan	54727
4	Johannes_out	54712
5	zliyfenix <3	54670
6	ghg	54443
7	DC|Cobus	54356
8	2slow	54318
9	HarleyQueeN	54285
10	Bocchi10kWS	54270
11	Drago	54235
12	Vova	54179
13	MAGiD	54103
14	CikCikCikCik	54040
15	Maattt	53976
16	RS①⑧②	53968
17	nacheten	53902
18	Din Viesel	53889
19	|DC|Dill	53839
20	|DC|PeteK	53828
21	KD$	53819
22	Kharkiv	53757
23	Verstappen33	53747
24	Snull🇺🇦	53706
25	Adnan	53663
26	batya79	53624
27	ADRY	53614
28	PT~PR ΔNTRΔX	53547
29	BAM	53540
30	SIDHU-IN-PR	53530
31	Biko	53526
32	Alex777	53524
33	Wild	53489
34	AL|QC	53475
35	smokie	53443
36	Juhani🚽	53413
37	AU|BØ$$|LY	53361
38	DarwinXAnime	53319
39	Shu	53313
40	Blackmoon	53284
41	|DC| epi	53245
42	Teilbou51	53096
43	ANIL	53061
44	meliodas	53028
45	|DC| hype	53001
46	SB|TINTO|DB	52889
47	Santana	52860
48	Yarik	52838
49	mini lega <3	52783
50	Bill	52772
51	Саня	52710
52	Superfly	52636
53	jrd	52615
54	Gift	52602
55	AA²	52569
56	MamadRhino	52539
57	getishcka	52446
58	|DC|iAMGroot	52401
59	L|TeyDjDanl	52229
60	Hyll	52178
61	KOT =^-_-^=	52130
62	R1pR1dE	52113
63	(UA)<Dok>	52031
64	|DC|ximix	52019
65	Я🇺🇦	51915
66	juvestone	51796
67	thibaipot	51751
68	maks	51675
69	And	51627
70	мельник 🇺🇦	51459
71	José	51401
72	ⓄⓅ /Vic	51382
73	Dogkanos	51353
74	GerzogBrend	51286
75	BC|mrBosnia	51237
76	LuckySaxa	51057
77	Valey	50945
78	Alex_R	50940
79	Lexx	50888
80	saaaatuuuumb	50781
81	Spark🔥	50751
82	Adler🦅	50610
83	Din Viesel	50467
84	Meerkat	50399
85	MAGura	50217
86	Delaneder	50112
87	Predator	49928
88	Djondeer	49788
89	|DC| Wall-E	49716
90	Sup4ik	49060
91	COBRA🐍	48741
92	TAR	48456
93	MADMAX	48378
94	👑amir👑	47909
95	bl@de	47625
96	Бродяга	47604
